accepted_replan_count,collision_count,completion_step,completion_time_truncated,episode_index,event_counts,executor_arrival_step,executor_invalid_count,formal_training_run,found_step,max_steps,maximum_switch_distance,mean_replan_interval,mean_switch_distance,method,obstacle_event_count,obstacle_route_impacted_count,optimizer_invocation_count,partial_reallocation_attempt_count,partial_reallocation_success_count,partial_reallocation_success_rate,path_tracking_error,post_found_executor_delay_truncated,reject_reason_counts,rejected_replan_count,replan_count,runtime_seconds,same_agent_switch_within_10_steps,scenario_id,scenario_seed,status,steps_completed,success,target_found_time_truncated,target_route_source_counts,total_switch_distance,waypoint_stale_count,waypoint_switch_count
0,2,,400,0,{},,0,False,,400,0.0,400.0,0.0,No-BSER-static,0,0,0,0,0,0.0,8.080669534160215,400,{},0,0,534.9219253999763,0,unknown_validation_m20_0001,2729,OK,400,False,400,{},0.0,0,0
0,253,,400,1,{},,0,False,,400,0.0,400.0,0.0,No-BSER-static,0,0,0,0,0,0.0,6.457711467381516,400,{},0,0,567.2222023000359,0,unknown_validation_m20_0001,2729,OK,400,False,400,{},0.0,0,0
0,0,,400,2,{},,0,False,311,400,0.0,400.0,0.0,No-BSER-static,0,0,0,0,0,0.0,4.247318459341526,89,{},0,0,506.14336630003527,0,unknown_validation_m20_0001,2729,OK,400,False,311,{},0.0,0,0
0,234,,400,3,{},,0,False,,400,0.0,400.0,0.0,No-BSER-static,0,0,0,0,0,0.0,4.062827872677827,400,{},0,0,323.73941169999307,0,unknown_validation_m20_0001,2729,OK,400,False,400,{},0.0,0,0
0,0,,400,0,{},,0,False,,400,0.0,400.0,0.0,No-BSER-static,0,0,0,0,0,0.0,3.8598923497012425,400,{},0,0,591.8212951000314,0,unknown_validation_m20_0002,2730,OK,400,False,400,{},0.0,0,0
0,0,,400,1,{},,0,False,,400,0.0,400.0,0.0,No-BSER-static,0,0,0,0,0,0.0,3.891264334806184,400,{},0,0,622.3283775000018,0,unknown_validation_m20_0002,2730,OK,400,False,400,{},0.0,0,0
0,0,,400,2,{},,0,False,,400,0.0,400.0,0.0,No-BSER-static,0,0,0,0,0,0.0,5.964237334195294,400,{},0,0,552.1035662000068,0,unknown_validation_m20_0002,2730,OK,400,False,400,{},0.0,0,0
0,0,,400,3,{},,0,False,,400,0.0,400.0,0.0,No-BSER-static,0,0,0,0,0,0.0,5.922807427465859,400,{},0,0,571.5332190000336,0,unknown_validation_m20_0002,2730,OK,400,False,400,{},0.0,0,0
0,0,273,273,0,{},,0,False,145,400,0.0,400.0,0.0,No-BSER-static,0,0,0,0,0,0.0,3.8954104841593304,255,{},0,0,279.2638758000103,0,unknown_validation_m20_0003,2731,OK,273,True,145,{},0.0,0,0
0,0,273,273,1,{},,0,False,145,400,0.0,400.0,0.0,No-BSER-static,0,0,0,0,0,0.0,3.8954915179686274,255,{},0,0,273.6705738999881,0,unknown_validation_m20_0003,2731,OK,273,True,145,{},0.0,0,0
0,0,238,238,2,{},,0,False,120,400,0.0,400.0,0.0,No-BSER-static,0,0,0,0,0,0.0,4.002786155108478,280,{},0,0,181.8645374000189,0,unknown_validation_m20_0003,2731,OK,238,True,120,{},0.0,0,0
0,0,,400,3,{},,0,False,142,400,0.0,400.0,0.0,No-BSER-static,0,0,0,0,0,0.0,5.658474847953421,258,{},0,0,239.88730750000104,0,unknown_validation_m20_0003,2731,OK,400,False,142,{},0.0,0,0
0,0,,400,0,{},,0,False,,400,0.0,400.0,0.0,No-BSER-static,0,0,0,0,0,0.0,5.021712364230318,400,{},0,0,376.61721889994806,0,unknown_validation_m20_0004,2732,OK,400,False,400,{},0.0,0,0
0,0,,400,1,{},,0,False,,400,0.0,400.0,0.0,No-BSER-static,0,0,0,0,0,0.0,5.162340376697854,400,{},0,0,367.434317599982,0,unknown_validation_m20_0004,2732,OK,400,False,400,{},0.0,0,0
0,0,,400,2,{},,0,False,,400,0.0,400.0,0.0,No-BSER-static,0,0,0,0,0,0.0,4.724502347056745,400,{},0,0,391.1883604999748,0,unknown_validation_m20_0004,2732,OK,400,False,400,{},0.0,0,0
0,0,,400,3,{},,0,False,,400,0.0,400.0,0.0,No-BSER-static,0,0,0,0,0,0.0,5.1509974770985965,400,{},0,0,379.80484029999934,0,unknown_validation_m20_0004,2732,OK,400,False,400,{},0.0,0,0
0,0,,400,0,{},,0,False,1,400,0.0,400.0,0.0,No-BSER-static,0,0,0,0,0,0.0,1.6392112687244724,399,{},0,0,233.74434030003613,0,unknown_validation_m20_0005,2733,OK,400,False,1,{},0.0,0,0
0,0,,400,1,{},,0,False,1,400,0.0,400.0,0.0,No-BSER-static,0,0,0,0,0,0.0,1.6391993480028462,399,{},0,0,239.20876410003984,0,unknown_validation_m20_0005,2733,OK,400,False,1,{},0.0,0,0
0,0,,400,2,{},,0,False,1,400,0.0,400.0,0.0,No-BSER-static,0,0,0,0,0,0.0,1.639192378266972,399,{},0,0,235.15805909998016,0,unknown_validation_m20_0005,2733,OK,400,False,1,{},0.0,0,0
0,0,,400,3,{},,0,False,1,400,0.0,400.0,0.0,No-BSER-static,0,0,0,0,0,0.0,1.639191192632603,399,{},0,0,233.3597635999904,0,unknown_validation_m20_0005,2733,OK,400,False,1,{},0.0,0,0
20,0,,400,0,{},,0,False,,400,17.233687939614086,20.0,6.2093662755509005,Periodic-BSER,0,0,20,0,0,0.0,1.9656438933543379,400,{},0,20,612.3866933999816,0,unknown_validation_m20_0001,2729,OK,400,False,400,{},310.468313777545,0,50
20,0,,400,1,{},,0,False,,400,17.233687939614086,20.0,6.057147739115578,Periodic-BSER,0,0,20,0,0,0.0,1.883463401976472,400,{},0,20,550.214080500009,0,unknown_validation_m20_0001,2729,OK,400,False,400,{},224.1144663472764,0,37
20,238,,400,2,{},,0,False,,400,17.233687939614086,20.0,5.2207074719194795,Periodic-BSER,0,0,20,0,0,0.0,1.9443441691150911,400,{},0,20,465.2800480000442,0,unknown_validation_m20_0001,2729,OK,400,False,400,{},140.95910174182595,0,27
20,238,,400,3,{},,0,False,,400,17.233687939614086,20.0,4.807505962880486,Periodic-BSER,0,0,20,0,0,0.0,1.9733347321885244,400,{},0,20,583.6341454999638,0,unknown_validation_m20_0001,2729,OK,400,False,400,{},187.49273255233896,0,39
20,0,,400,0,{},,0,False,,400,17.549928774784245,20.0,6.310800416220881,Periodic-BSER,0,0,20,0,0,0.0,2.2083972821711466,400,{},0,20,656.1368146999739,0,unknown_validation_m20_0002,2730,OK,400,False,400,{},271.3644178974979,0,43
20,0,,400,1,{},,0,False,,400,17.549928774784245,20.0,5.50375133933382,Periodic-BSER,0,0,20,0,0,0.0,2.246021603943927,400,{},0,20,681.909009199997,0,unknown_validation_m20_0002,2730,OK,400,False,400,{},258.67631294868954,0,47
20,0,,400,2,{},,0,False,,400,17.549928774784245,20.0,5.0516854738353585,Periodic-BSER,0,0,20,0,0,0.0,2.2975606432341222,400,{},0,20,589.3212999000098,0,unknown_validation_m20_0002,2730,OK,400,False,400,{},237.42921727026183,0,47
20,0,,400,3,{},,0,False,,400,17.549928774784245,20.0,6.332944356458161,Periodic-BSER,0,0,20,0,0,0.0,2.102185049488619,400,{},0,20,644.1408975999802,0,unknown_validation_m20_0002,2730,OK,400,False,400,{},284.98249604061726,0,45
20,0,,400,0,{},,0,False,,400,23.40939982143925,20.0,6.510983904422336,Periodic-BSER,0,0,20,0,0,0.0,2.1131015710890106,400,{},0,20,606.072765799996,0,unknown_validation_m20_0003,2731,OK,400,False,400,{},234.39542055920407,0,36
20,0,,400,1,{},,0,False,,400,23.40939982143925,20.0,5.973781046077884,Periodic-BSER,0,0,20,0,0,0.0,2.074373008875274,400,{},0,20,514.9343731999979,0,unknown_validation_m20_0003,2731,OK,400,False,400,{},191.1609934744923,0,32
14,0,286,286,2,{},280,0,False,136,400,23.40939982143925,20.0,5.09363774267636,Periodic-BSER,0,0,14,0,0,0.0,1.6664076839128799,144,{},0,14,241.25895980000496,0,unknown_validation_m20_0003,2731,OK,286,True,136,"{""standby:y02"": 1, ""standby:y03"": 1}",162.9964077656435,0,32
14,0,286,286,3,{},280,0,False,136,400,23.40939982143925,20.0,5.09363774267636,Periodic-BSER,0,0,14,0,0,0.0,1.666782171712177,144,{},0,14,243.9272228999762,0,unknown_validation_m20_0003,2731,OK,286,True,136,"{""standby:y02"": 1, ""standby:y03"": 1}",162.9964077656435,0,32
20,0,,400,0,{},,0,False,84,400,18.894443627691185,20.0,4.241455730517795,Periodic-BSER,0,0,20,0,0,0.0,3.1787477991736166,316,{},0,20,211.32146479998482,0,unknown_validation_m20_0004,2732,OK,400,False,84,"{""no_feasible_candidate_fallback"": 1, ""standby:y02"": 3, ""standby:y03"": 3}",131.48512764605164,0,31
17,0,351,351,1,{},340,0,False,84,400,18.894443627691185,20.0,3.97877188364608,Periodic-BSER,0,0,17,0,0,0.0,1.7831244291780226,256,{},0,17,204.970247499994,0,unknown_validation_m20_0004,2732,OK,351,True,84,"{""standby:y01"": 1, ""standby:y02"": 3, ""standby:y03"": 2}",151.19333157855104,0,38
20,0,,400,2,{},,0,False,,400,14.45683229480096,20.0,4.357797417158995,Periodic-BSER,0,0,20,0,0,0.0,2.0244829751524995,400,{},0,20,412.7541218000115,0,unknown_validation_m20_0004,2732,OK,400,False,400,{},196.1008837721548,0,45
18,0,362,362,3,{},350,0,False,83,400,18.894443627691185,20.0,3.839741452586606,Periodic-BSER,0,0,18,0,0,0.0,1.7966299475021759,267,{},0,18,233.30123490002006,0,unknown_validation_m20_0004,2732,OK,362,True,83,"{""standby:y02"": 3, ""standby:y03"": 2}",157.42939955605084,0,41
20,0,,400,0,{},,0,False,1,400,21.656407827707714,20.0,3.324007466009456,Periodic-BSER,0,0,20,0,0,0.0,1.0773743277034533,399,{},0,20,409.12667460000375,0,unknown_validation_m20_0005,2733,OK,400,False,1,"{""standby:y02"": 7, ""standby:y03"": 6}",169.52438076648224,0,51
20,0,,400,1,{},,0,False,1,400,21.656407827707714,20.0,3.229834622942917,Periodic-BSER,0,0,20,0,0,0.0,1.085818051312774,399,{},0,20,376.5200942000374,0,unknown_validation_m20_0005,2733,OK,400,False,1,"{""standby:y02"": 7, ""standby:y03"": 6}",171.1812350159746,0,53
20,106,,400,2,{},,0,False,1,400,21.656407827707714,20.0,7.6372745458122875,Periodic-BSER,0,0,20,0,0,0.0,5.819945776041835,399,{},0,20,191.77150439994875,0,unknown_validation_m20_0005,2733,OK,400,False,1,"{""no_feasible_candidate_fallback"": 1, ""standby:y02"": 1, ""standby:y03"": 1}",76.37274545812288,0,10
20,105,,400,3,{},,0,False,1,400,21.656407827707714,20.0,7.6372745458122875,Periodic-BSER,0,0,20,0,0,0.0,5.8192084358644465,399,{},0,20,191.43191829998977,0,unknown_validation_m20_0005,2733,OK,400,False,1,"{""no_feasible_candidate_fallback"": 1, ""standby:y02"": 1, ""standby:y03"": 1}",76.37274545812288,0,10
11,0,,400,0,"{""BELIEF_SHIFT"": 6, ""EXECUTOR_INVALID"": 380, ""OBSTACLE_DISCOVERED"": 16, ""PERIODIC_REFRESH"": 4, ""WAYPOINT_STALE"": 382}",,380,False,,400,17.233687939614086,34.54545454545455,6.21799958012004,Event-BSER-phase1b1,16,14,95,94,11,0.11702127659574468,2.639684120830367,400,"{""ATOMIC_REJECT_MISSING_SEARCH_ROUTE"": 81, ""OBSTACLE_OFF_ROUTE"": 2, ""REJECT_EVENT_COOLDOWN"": 301, ""REJECT_INSUFFICIENT_RELATIVE_GAIN"": 1, ""REJECT_NO_ASSIGNMENT_CHANGE"": 2}",387,11,821.8876116999891,0,unknown_validation_m20_0001,2729,OK,400,False,400,{},105.70599286204067,382,17
12,0,,400,1,"{""BELIEF_SHIFT"": 7, ""EXECUTOR_INVALID"": 380, ""OBSTACLE_DISCOVERED"": 14, ""PERIODIC_REFRESH"": 4, ""WAYPOINT_STALE"": 380}",,380,False,,400,17.233687939614086,33.333333333333336,5.966862369604886,Event-BSER-phase1b1,14,12,94,92,11,0.11956521739130435,2.2120089235919673,400,"{""ATOMIC_REJECT_MISSING_SEARCH_ROUTE"": 80, ""OBSTACLE_OFF_ROUTE"": 2, ""REJECT_EVENT_COOLDOWN"": 300, ""REJECT_INSUFFICIENT_RELATIVE_GAIN"": 1, ""REJECT_NO_ASSIGNMENT_CHANGE"": 1}",384,12,793.1002277999651,0,unknown_validation_m20_0001,2729,OK,400,False,400,{},107.40352265288794,380,18
1,0,,400,2,"{""BELIEF_SHIFT"": 5, ""EXECUTOR_INVALID"": 380, ""OBSTACLE_DISCOVERED"": 12, ""PERIODIC_REFRESH"": 4, ""WAYPOINT_STALE"": 399}",,380,False,,400,0.0,20.0,0.0,Event-BSER-phase1b1,12,12,92,92,1,0.010869565217391304,4.680392780212424,400,"{""ATOMIC_REJECT_MISSING_SEARCH_ROUTE"": 91, ""REJECT_EVENT_COOLDOWN"": 308}",399,1,794.9127694999916,0,unknown_validation_m20_0001,2729,OK,400,False,400,{},0.0,399,0
1,0,,400,3,"{""BELIEF_SHIFT"": 5, ""EXECUTOR_INVALID"": 380, ""OBSTACLE_DISCOVERED"": 13, ""PERIODIC_REFRESH"": 4, ""WAYPOINT_STALE"": 399}",,380,False,,400,0.0,20.0,0.0,Event-BSER-phase1b1,13,13,93,93,1,0.010752688172043012,4.694462270581048,400,"{""ATOMIC_REJECT_MISSING_SEARCH_ROUTE"": 92, ""REJECT_EVENT_COOLDOWN"": 307}",399,1,750.318163100048,0,unknown_validation_m20_0001,2729,OK,400,False,400,{},0.0,399,0
3,0,,400,0,"{""BELIEF_SHIFT"": 3, ""EXECUTOR_INVALID"": 380, ""OBSTACLE_DISCOVERED"": 3, ""PERIODIC_REFRESH"": 4, ""WAYPOINT_STALE"": 393}",,380,False,,400,17.549928774784245,133.33333333333334,11.254507380040488,Event-BSER-phase1b1,3,1,88,81,1,0.012345679012345678,3.8134780490232107,400,"{""ATOMIC_REJECT_MISSING_SEARCH_ROUTE"": 80, ""NO_REPLAN_EVENT"": 7, ""OBSTACLE_OFF_ROUTE"": 2, ""REJECT_EVENT_COOLDOWN"": 300, ""REJECT_INSUFFICIENT_RELATIVE_GAIN"": 5}",394,3,744.606386600004,0,unknown_validation_m20_0002,2730,OK,400,False,400,{},78.78155166028341,393,7
2,0,,400,1,"{""BELIEF_SHIFT"": 4, ""EXECUTOR_INVALID"": 380, ""OBSTACLE_DISCOVERED"": 4, ""PERIODIC_REFRESH"": 4, ""WAYPOINT_STALE"": 388}",,380,False,,400,17.549928774784245,110.0,11.716893854290026,Event-BSER-phase1b1,4,3,89,83,1,0.012048192771084338,3.993005900508562,400,"{""ATOMIC_REJECT_MISSING_SEARCH_ROUTE"": 82, ""OBSTACLE_OFF_ROUTE"": 1, ""REJECT_EVENT_COOLDOWN"": 306, ""REJECT_INSUFFICIENT_RELATIVE_GAIN"": 5}",394,2,772.6352173999767,0,unknown_validation_m20_0002,2730,OK,400,False,400,{},46.867575417160104,388,4
1,0,,400,2,"{""BELIEF_SHIFT"": 6, ""EXECUTOR_INVALID"": 380, ""OBSTACLE_DISCOVERED"": 3, ""PERIODIC_REFRESH"": 4, ""WAYPOINT_STALE"": 380}",,380,False,,400,17.549928774784245,20.0,14.248156597180815,Event-BSER-phase1b1,3,0,89,80,0,0.0,5.503629593059145,400,"{""ATOMIC_REJECT_MISSING_SEARCH_ROUTE"": 80, ""OBSTACLE_OFF_ROUTE"": 2, ""REJECT_EVENT_COOLDOWN"": 300, ""REJECT_INSUFFICIENT_RELATIVE_GAIN"": 8}",390,1,732.3694003000273,0,unknown_validation_m20_0002,2730,OK,400,False,400,{},42.74446979154244,380,3
1,0,,400,3,"{""BELIEF_SHIFT"": 6, ""EXECUTOR_INVALID"": 380, ""OBSTACLE_DISCOVERED"": 3, ""PERIODIC_REFRESH"": 4, ""WAYPOINT_STALE"": 380}",,380,False,,400,17.549928774784245,20.0,14.248156597180815,Event-BSER-phase1b1,3,0,89,80,0,0.0,5.376597301361027,400,"{""ATOMIC_REJECT_MISSING_SEARCH_ROUTE"": 80, ""OBSTACLE_OFF_ROUTE"": 2, ""REJECT_EVENT_COOLDOWN"": 300, ""REJECT_INSUFFICIENT_RELATIVE_GAIN"": 8}",390,1,822.4655106000137,0,unknown_validation_m20_0002,2730,OK,400,False,400,{},42.74446979154244,380,3
14,0,,400,0,"{""BELIEF_SHIFT"": 13, ""EXECUTOR_INVALID"": 379, ""EXECUTOR_TARGET_RECEIVED"": 1, ""OBSTACLE_DISCOVERED"": 10, ""PERIODIC_REFRESH"": 4, ""TARGET_FOUND"": 1, ""WAYPOINT_STALE"": 387}",,379,False,273,400,23.40939982143925,28.571428571428573,10.584769102579996,Event-BSER-phase1b1,10,8,71,63,7,0.1111111111111111,3.7221963328167336,127,"{""ATOMIC_REJECT_MISSING_SEARCH_ROUTE"": 55, ""NO_REPLAN_EVENT"": 38, ""REJECT_EVENT_COOLDOWN"": 205, ""REJECT_INSUFFICIENT_RELATIVE_GAIN"": 4, ""REJECT_NO_ASSIGNMENT_CHANGE"": 80}",382,14,748.4100785999908,0,unknown_validation_m20_0003,2731,OK,400,False,273,"{""NO_VALID_ROUTE"": 84, ""standby:y02"": 24, ""standby:y03"": 20}",158.77153653869993,387,15
17,0,,400,1,"{""BELIEF_SHIFT"": 17, ""EXECUTOR_INVALID"": 379, ""EXECUTOR_TARGET_RECEIVED"": 1, ""OBSTACLE_DISCOVERED"": 8, ""PERIODIC_REFRESH"": 4, ""TARGET_FOUND"": 1, ""WAYPOINT_STALE"": 394}",,379,False,134,400,23.40939982143925,23.529411764705884,6.371001879398361,Event-BSER-phase1b1,8,5,44,32,5,0.15625,2.168646322240467,266,"{""ATOMIC_REJECT_MISSING_SEARCH_ROUTE"": 27, ""NO_REPLAN_EVENT"": 209, ""REJECT_EVENT_COOLDOWN"": 101, ""REJECT_INSUFFICIENT_RELATIVE_GAIN"": 2, ""REJECT_NO_ASSIGNMENT_CHANGE"": 41}",380,17,411.65175040002214,0,unknown_validation_m20_0003,2731,OK,400,False,134,"{""NO_VALID_ROUTE"": 44, ""standby:y02"": 203, ""standby:y03"": 20}",184.75905450255246,394,29
9,0,308,308,2,"{""BELIEF_SHIFT"": 12, ""EXECUTOR_INVALID"": 292, ""EXECUTOR_TARGET_RECEIVED"": 1, ""OBSTACLE_DISCOVERED"": 6, ""PERIODIC_REFRESH"": 3, ""TARGET_FOUND"": 1, ""WAYPOINT_STALE"": 302}",,292,False,134,400,23.40939982143925,26.666666666666668,8.427301179533387,Event-BSER-phase1b1,6,3,39,30,2,0.06666666666666667,2.3773946732723563,266,"{""ATOMIC_REJECT_MISSING_SEARCH_ROUTE"": 27, ""NO_REPLAN_EVENT"": 122, ""REJECT_EVENT_COOLDOWN"": 101, ""REJECT_INSUFFICIENT_RELATIVE_GAIN"": 4, ""REJECT_NO_ASSIGNMENT_CHANGE"": 42}",296,9,302.75441970000975,0,unknown_validation_m20_0003,2731,OK,308,True,134,"{""NO_VALID_ROUTE"": 44, ""standby:y01"": 1, ""standby:y02"": 130}",143.2641200520676,302,17
4,0,,400,3,"{""BELIEF_SHIFT"": 7, ""EXECUTOR_INVALID"": 380, ""OBSTACLE_DISCOVERED"": 11, ""PERIODIC_REFRESH"": 4, ""WAYPOINT_STALE"": 380}",,380,False,,400,23.40939982143925,95.0,12.430765343286678,Event-BSER-phase1b1,11,3,91,83,2,0.024096385542168676,4.772357473966072,400,"{""ATOMIC_REJECT_MISSING_SEARCH_ROUTE"": 80, ""OBSTACLE_OFF_ROUTE"": 4, ""REJECT_EVENT_COOLDOWN"": 300, ""REJECT_INSUFFICIENT_RELATIVE_GAIN"": 6, ""REJECT_NO_ASSIGNMENT_CHANGE"": 1}",391,4,510.1329520000145,0,unknown_validation_m20_0003,2731,OK,400,False,400,{},99.44612274629343,380,8
6,0,,400,0,"{""BELIEF_SHIFT"": 3, ""EXECUTOR_INVALID"": 380, ""OBSTACLE_DISCOVERED"": 8, ""PERIODIC_REFRESH"": 4, ""WAYPOINT_STALE"": 381}",,380,False,,400,14.45683229480096,66.66666666666667,7.484301644170821,Event-BSER-phase1b1,8,5,91,85,3,0.03529411764705882,2.7452661846631967,400,"{""ATOMIC_REJECT_MISSING_SEARCH_ROUTE"": 81, ""OBSTACLE_OFF_ROUTE"": 2, ""REJECT_EVENT_COOLDOWN"": 300, ""REJECT_INSUFFICIENT_RELATIVE_GAIN"": 3, ""REJECT_NO_ASSIGNMENT_CHANGE"": 1}",387,6,527.3459165999666,0,unknown_validation_m20_0004,2732,OK,400,False,400,{},89.81161973004986,381,12
8,0,,400,1,"{""BELIEF_SHIFT"": 3, ""EXECUTOR_INVALID"": 380, ""OBSTACLE_DISCOVERED"": 8, ""PERIODIC_REFRESH"": 4, ""WAYPOINT_STALE"": 380}",,380,False,,400,14.45683229480096,47.5,7.137673594634379,Event-BSER-phase1b1,8,6,92,86,5,0.05813953488372093,2.4035195567444303,400,"{""ATOMIC_REJECT_MISSING_SEARCH_ROUTE"": 80, ""OBSTACLE_OFF_ROUTE"": 1, ""REJECT_EVENT_COOLDOWN"": 300, ""REJECT_INSUFFICIENT_RELATIVE_GAIN"": 3, ""REJECT_NO_ASSIGNMENT_CHANGE"": 1}",385,8,511.1068020000239,0,unknown_validation_m20_0004,2732,OK,400,False,400,{},128.4781247034188,380,18
8,0,,400,2,"{""BELIEF_SHIFT"": 2, ""EXECUTOR_INVALID"": 380, ""OBSTACLE_DISCOVERED"": 11, ""PERIODIC_REFRESH"": 4, ""WAYPOINT_STALE"": 380}",,380,False,,400,15.620499351813308,40.0,9.106018637538664,Event-BSER-phase1b1,11,6,92,86,5,0.05813953488372093,2.5994834398462383,400,"{""ATOMIC_REJECT_MISSING_SEARCH_ROUTE"": 80, ""OBSTACLE_OFF_ROUTE"": 4, ""REJECT_EVENT_COOLDOWN"": 300, ""REJECT_INSUFFICIENT_RELATIVE_GAIN"": 3, ""REJECT_NO_ASSIGNMENT_CHANGE"": 1}",388,8,525.046903599985,0,unknown_validation_m20_0004,2732,OK,400,False,400,{},118.37824228800262,380,13
9,0,386,386,3,"{""BELIEF_SHIFT"": 8, ""EXECUTOR_INVALID"": 366, ""EXECUTOR_TARGET_RECEIVED"": 1, ""OBSTACLE_DISCOVERED"": 7, ""PERIODIC_REFRESH"": 3, ""TARGET_FOUND"": 1, ""WAYPOINT_STALE"": 372}",383,366,False,294,400,14.45683229480096,42.22222222222222,8.221937058009422,Event-BSER-phase1b1,7,3,71,62,2,0.03225806451612903,2.548824380269669,89,"{""ATOMIC_REJECT_MISSING_SEARCH_ROUTE"": 59, ""NO_REPLAN_EVENT"": 6, ""OBSTACLE_OFF_ROUTE"": 3, ""REJECT_EVENT_COOLDOWN"": 220, ""REJECT_INSUFFICIENT_RELATIVE_GAIN"": 5, ""REJECT_NO_ASSIGNMENT_CHANGE"": 79}",372,9,457.7794312000042,0,unknown_validation_m20_0004,2732,OK,386,True,294,"{""NO_VALID_ROUTE"": 82, ""standby:y02"": 11}",115.10711881213192,372,14
20,0,,400,0,"{""BELIEF_SHIFT"": 21, ""EXECUTOR_INVALID"": 382, ""EXECUTOR_TARGET_RECEIVED"": 1, ""OBSTACLE_DISCOVERED"": 11, ""PERIODIC_REFRESH"": 4, ""TARGET_FOUND"": 1, ""WAYPOINT_STALE"": 400}",,382,False,1,400,21.656407827707714,20.0,14.972185158526539,Event-BSER-phase1b1,11,5,18,2,2,1.0,2.532523450339264,399,"{""NO_REPLAN_EVENT"": 19, ""REJECT_INSUFFICIENT_RELATIVE_GAIN"": 14, ""REJECT_NO_ASSIGNMENT_CHANGE"": 347}",380,20,531.1944023999968,0,unknown_validation_m20_0005,2733,OK,400,False,1,"{""NO_VALID_ROUTE"": 364, ""standby:y02"": 12, ""standby:y03"": 24}",119.77748126821231,400,8
20,0,,400,1,"{""BELIEF_SHIFT"": 21, ""EXECUTOR_INVALID"": 379, ""EXECUTOR_TARGET_RECEIVED"": 1, ""OBSTACLE_DISCOVERED"": 14, ""PERIODIC_REFRESH"": 4, ""TARGET_FOUND"": 1, ""WAYPOINT_STALE"": 400}",,379,False,1,400,21.656407827707714,20.0,13.749328187059609,Event-BSER-phase1b1,14,2,21,2,2,1.0,2.6282944781475344,399,"{""NO_REPLAN_EVENT"": 19, ""REJECT_INSUFFICIENT_RELATIVE_GAIN"": 17, ""REJECT_NO_ASSIGNMENT_CHANGE"": 344}",380,20,576.8189100999734,0,unknown_validation_m20_0005,2733,OK,400,False,1,"{""NO_VALID_ROUTE"": 361, ""standby:y02"": 35, ""standby:y03"": 4}",123.74395368353647,400,9
20,0,,400,2,"{""BELIEF_SHIFT"": 21, ""EXECUTOR_INVALID"": 379, ""EXECUTOR_TARGET_RECEIVED"": 1, ""OBSTACLE_DISCOVERED"": 14, ""PERIODIC_REFRESH"": 4, ""TARGET_FOUND"": 1, ""WAYPOINT_STALE"": 400}",,379,False,1,400,21.656407827707714,20.0,13.749328187059609,Event-BSER-phase1b1,14,2,21,2,2,1.0,2.6282871187387213,399,"{""NO_REPLAN_EVENT"": 19, ""REJECT_INSUFFICIENT_RELATIVE_GAIN"": 17, ""REJECT_NO_ASSIGNMENT_CHANGE"": 344}",380,20,572.3400709999842,0,unknown_validation_m20_0005,2733,OK,400,False,1,"{""NO_VALID_ROUTE"": 361, ""standby:y02"": 35, ""standby:y03"": 4}",123.74395368353647,400,9
20,0,,400,3,"{""BELIEF_SHIFT"": 21, ""EXECUTOR_INVALID"": 379, ""EXECUTOR_TARGET_RECEIVED"": 1, ""OBSTACLE_DISCOVERED"": 14, ""PERIODIC_REFRESH"": 4, ""TARGET_FOUND"": 1, ""WAYPOINT_STALE"": 400}",,379,False,1,400,21.656407827707714,20.0,13.749328187059609,Event-BSER-phase1b1,14,2,21,2,2,1.0,2.628293167560179,399,"{""NO_REPLAN_EVENT"": 19, ""REJECT_INSUFFICIENT_RELATIVE_GAIN"": 17, ""REJECT_NO_ASSIGNMENT_CHANGE"": 344}",380,20,559.7352093000081,0,unknown_validation_m20_0005,2733,OK,400,False,1,"{""NO_VALID_ROUTE"": 361, ""standby:y02"": 35, ""standby:y03"": 4}",123.74395368353647,400,9
13,0,,400,0,"{""BELIEF_SHIFT"": 5, ""EXECUTOR_INVALID"": 1, ""OBSTACLE_DISCOVERED"": 43, ""PERIODIC_REFRESH"": 4}",,1,False,,400,16.97056274847714,27.46153846153846,7.672201191830601,Event-BSER-phase1b2_corrected,43,32,29,24,11,0.4583333333333333,2.663412030604036,400,"{""NO_REPLAN_EVENT"": 348, ""OBSTACLE_OFF_ROUTE"": 10, ""REJECT_EVENT_COOLDOWN"": 13, ""REJECT_INSUFFICIENT_RELATIVE_GAIN"": 3, ""REJECT_NO_ASSIGNMENT_CHANGE"": 13}",387,13,876.2700710999779,1,unknown_validation_m20_0001,2729,OK,400,False,400,{},115.08301787745901,0,15
15,0,,400,1,"{""BELIEF_SHIFT"": 5, ""EXECUTOR_INVALID"": 1, ""OBSTACLE_DISCOVERED"": 40, ""PERIODIC_REFRESH"": 4}",,1,False,,400,16.97056274847714,26.666666666666668,7.338979774724964,Event-BSER-phase1b2_corrected,40,29,28,23,12,0.5217391304347826,2.6552714159867,400,"{""NO_REPLAN_EVENT"": 351, ""OBSTACLE_OFF_ROUTE"": 10, ""REJECT_EVENT_COOLDOWN"": 11, ""REJECT_INSUFFICIENT_RELATIVE_GAIN"": 2, ""REJECT_NO_ASSIGNMENT_CHANGE"": 11}",385,15,776.0386200000066,1,unknown_validation_m20_0001,2729,OK,400,False,400,{},124.76265617032439,0,17
2,245,,400,2,"{""BELIEF_SHIFT"": 5, ""EXECUTOR_INVALID"": 4, ""OBSTACLE_DISCOVERED"": 10, ""PERIODIC_REFRESH"": 4, ""WAYPOINT_STALE"": 369}",,4,False,,400,0.0,30.5,0.0,Event-BSER-phase1b2_corrected,10,8,83,82,1,0.012195121951219513,3.736270839231352,400,"{""ATOMIC_REJECT_MISSING_SEARCH_ROUTE"": 78, ""NO_REPLAN_EVENT"": 25, ""OBSTACLE_OFF_ROUTE"": 1, ""REJECT_EVENT_COOLDOWN"": 291, ""REJECT_NO_ASSIGNMENT_CHANGE"": 3}",398,2,567.3833573000156,0,unknown_validation_m20_0001,2729,OK,400,False,400,{},0.0,369,0
2,260,,400,3,"{""BELIEF_SHIFT"": 5, ""EXECUTOR_INVALID"": 6, ""OBSTACLE_DISCOVERED"": 13, ""PERIODIC_REFRESH"": 4, ""WAYPOINT_STALE"": 369}",,6,False,,400,0.0,27.5,0.0,Event-BSER-phase1b2_corrected,13,11,88,87,1,0.011494252873563218,3.826960570356414,400,"{""ATOMIC_REJECT_MISSING_SEARCH_ROUTE"": 81, ""NO_REPLAN_EVENT"": 25, ""OBSTACLE_OFF_ROUTE"": 1, ""REJECT_EVENT_COOLDOWN"": 286, ""REJECT_NO_ASSIGNMENT_CHANGE"": 5}",398,2,565.3129727999913,0,unknown_validation_m20_0001,2729,OK,400,False,400,{},0.0,369,0
4,0,,400,0,"{""BELIEF_SHIFT"": 5, ""EXECUTOR_INVALID"": 7, ""OBSTACLE_DISCOVERED"": 3, ""PERIODIC_REFRESH"": 4, ""WAYPOINT_STALE"": 1}",,7,False,,400,18.867962264113206,41.25,12.184442216957283,Event-BSER-phase1b2_corrected,3,0,13,8,2,0.25,3.630716856421574,400,"{""NO_REPLAN_EVENT"": 380, ""OBSTACLE_OFF_ROUTE"": 3, ""REJECT_EVENT_COOLDOWN"": 4, ""REJECT_INSUFFICIENT_RELATIVE_GAIN"": 3, ""REJECT_NO_ASSIGNMENT_CHANGE"": 6}",396,4,817.220754000009,0,unknown_validation_m20_0002,2730,OK,400,False,400,{},48.73776886782913,1,4
5,0,,400,1,"{""BELIEF_SHIFT"": 5, ""EXECUTOR_INVALID"": 7, ""OBSTACLE_DISCOVERED"": 1, ""PERIODIC_REFRESH"": 4, ""WAYPOINT_STALE"": 1}",,7,False,,400,18.867962264113206,61.2,12.462578727773975,Event-BSER-phase1b2_corrected,1,1,14,9,3,0.3333333333333333,3.623272021063587,400,"{""NO_REPLAN_EVENT"": 382, ""REJECT_EVENT_COOLDOWN"": 4, ""REJECT_INSUFFICIENT_RELATIVE_GAIN"": 3, ""REJECT_NO_ASSIGNMENT_CHANGE"": 6}",395,5,624.061698400008,0,unknown_validation_m20_0002,2730,OK,400,False,400,{},62.31289363886987,1,5
4,0,,400,2,"{""BELIEF_SHIFT"": 5, ""EXECUTOR_INVALID"": 1, ""OBSTACLE_DISCOVERED"": 3, ""PERIODIC_REFRESH"": 4}",,1,False,,400,16.1245154965971,75.0,11.446269104904834,Event-BSER-phase1b2_corrected,3,0,6,1,1,1.0,3.472631558803875,400,"{""NO_REPLAN_EVENT"": 387, ""OBSTACLE_OFF_ROUTE"": 3, ""REJECT_EVENT_COOLDOWN"": 4, ""REJECT_INSUFFICIENT_RELATIVE_GAIN"": 2}",396,4,698.7164593000198,0,unknown_validation_m20_0002,2730,OK,400,False,400,{},68.677614629429,0,6
4,0,,400,3,"{""BELIEF_SHIFT"": 5, ""EXECUTOR_INVALID"": 1, ""OBSTACLE_DISCOVERED"": 3, ""PERIODIC_REFRESH"": 4}",,1,False,,400,16.1245154965971,75.0,11.446269104904834,Event-BSER-phase1b2_corrected,3,0,6,1,1,1.0,3.4736729120324457,400,"{""NO_REPLAN_EVENT"": 387, ""OBSTACLE_OFF_ROUTE"": 3, ""REJECT_EVENT_COOLDOWN"": 4, ""REJECT_INSUFFICIENT_RELATIVE_GAIN"": 2}",396,4,630.798803600017,0,unknown_validation_m20_0002,2730,OK,400,False,400,{},68.677614629429,0,6
8,0,262,262,0,"{""BELIEF_SHIFT"": 6, ""EXECUTOR_INVALID"": 2, ""EXECUTOR_TARGET_RECEIVED"": 1, ""OBSTACLE_DISCOVERED"": 2, ""PERIODIC_REFRESH"": 2, ""TARGET_FOUND"": 1}",146,2,False,145,400,23.40939982143925,25.0,10.970480891495997,Event-BSER-phase1b2_corrected,2,2,8,4,3,0.75,2.1730200557001327,1,"{""NO_REPLAN_EVENT"": 249, ""REJECT_EVENT_COOLDOWN"": 4, ""REJECT_NO_ASSIGNMENT_CHANGE"": 1}",254,8,319.4098787000403,0,unknown_validation_m20_0003,2731,OK,262,True,145,"{""PUBLIC_HANDOFF_TARGET"": 1, ""standby:y02"": 5}",120.67528980645596,0,11
7,0,,400,1,"{""BELIEF_SHIFT"": 105, ""EXECUTOR_INVALID"": 1, ""EXECUTOR_TARGET_RECEIVED"": 1, ""OBSTACLE_DISCOVERED"": 1, ""PERIODIC_REFRESH"": 4, ""TARGET_FOUND"": 1}",146,1,False,145,400,23.40939982143925,33.57142857142857,11.996996830732744,Event-BSER-phase1b2_corrected,1,1,12,2,2,1.0,2.036458488244605,1,"{""NO_REPLAN_EVENT"": 290, ""REJECT_EVENT_COOLDOWN"": 97, ""REJECT_INSUFFICIENT_RELATIVE_GAIN"": 6}",393,7,356.5802309999708,0,unknown_validation_m20_0003,2731,OK,400,False,145,"{""PUBLIC_HANDOFF_TARGET"": 1, ""standby:y02"": 102, ""standby:y03"": 1}",119.96996830732743,0,10
9,0,,400,2,"{""BELIEF_SHIFT"": 88, ""EXECUTOR_INVALID"": 2, ""EXECUTOR_TARGET_RECEIVED"": 1, ""OBSTACLE_DISCOVERED"": 3, ""PERIODIC_REFRESH"": 4, ""TARGET_FOUND"": 1}",123,2,False,122,400,23.40939982143925,37.333333333333336,13.005679529294005,Event-BSER-phase1b2_corrected,3,1,13,3,3,1.0,2.347727192920173,1,"{""NO_REPLAN_EVENT"": 304, ""OBSTACLE_OFF_ROUTE"": 2, ""REJECT_EVENT_COOLDOWN"": 80, ""REJECT_INSUFFICIENT_RELATIVE_GAIN"": 5}",391,9,302.012378000014,0,unknown_validation_m20_0003,2731,OK,400,False,122,"{""PUBLIC_HANDOFF_TARGET"": 1, ""standby:y02"": 23, ""standby:y03"": 64}",156.06815435152805,0,12
7,0,313,313,3,"{""BELIEF_SHIFT"": 6, ""EXECUTOR_INVALID"": 45, ""EXECUTOR_TARGET_RECEIVED"": 1, ""OBSTACLE_DISCOVERED"": 5, ""PERIODIC_REFRESH"": 3, ""TARGET_FOUND"": 1}",146,45,False,145,400,22.825424421026653,28.571428571428573,16.737889187586198,Event-BSER-phase1b2_corrected,5,4,51,47,3,0.06382978723404255,2.254240611349767,1,"{""NO_REPLAN_EVENT"": 256, ""OBSTACLE_OFF_ROUTE"": 1, ""REJECT_EVENT_COOLDOWN"": 4, ""REJECT_INSUFFICIENT_RELATIVE_GAIN"": 1, ""REJECT_NO_ASSIGNMENT_CHANGE"": 44}",306,7,286.5144539999892,0,unknown_validation_m20_0003,2731,OK,313,True,145,"{""PUBLIC_HANDOFF_TARGET"": 2, ""standby:y02"": 5, ""standby:y03"": 1}",117.16522431310338,0,7
10,0,,400,0,"{""BELIEF_SHIFT"": 5, ""OBSTACLE_DISCOVERED"": 32, ""PERIODIC_REFRESH"": 4}",,0,False,,400,20.09975124224178,35.5,8.977104101313527,Event-BSER-phase1b2_corrected,32,12,16,11,7,0.6363636363636364,3.017822184348231,400,"{""NO_REPLAN_EVENT"": 359, ""OBSTACLE_OFF_ROUTE"": 20, ""REJECT_EVENT_COOLDOWN"": 5, ""REJECT_INSUFFICIENT_RELATIVE_GAIN"": 2, ""REJECT_NO_ASSIGNMENT_CHANGE"": 4}",390,10,547.4474211999914,0,unknown_validation_m20_0004,2732,OK,400,False,400,{},107.72524921576233,0,12
11,0,309,309,1,"{""BELIEF_SHIFT"": 7, ""EXECUTOR_INVALID"": 1, ""EXECUTOR_TARGET_RECEIVED"": 1, ""OBSTACLE_DISCOVERED"": 10, ""PERIODIC_REFRESH"": 3, ""TARGET_FOUND"": 1}",103,1,False,102,400,15.748015748023622,27.272727272727273,9.971113714497664,Event-BSER-phase1b2_corrected,10,6,12,7,5,0.7142857142857143,1.8954545192003585,1,"{""NO_REPLAN_EVENT"": 288, ""OBSTACLE_OFF_ROUTE"": 4, ""REJECT_EVENT_COOLDOWN"": 4, ""REJECT_NO_ASSIGNMENT_CHANGE"": 2}",298,11,304.7469700999791,0,unknown_validation_m20_0004,2732,OK,309,True,102,"{""PUBLIC_HANDOFF_TARGET"": 2, ""standby:y02"": 5, ""standby:y03"": 1}",99.71113714497663,0,10
9,0,,400,2,"{""BELIEF_SHIFT"": 6, ""EXECUTOR_INVALID"": 124, ""EXECUTOR_TARGET_RECEIVED"": 1, ""OBSTACLE_DISCOVERED"": 15, ""PERIODIC_REFRESH"": 4, ""TARGET_FOUND"": 1}",103,124,False,102,400,15.748015748023622,33.333333333333336,12.187750314501923,Event-BSER-phase1b2_corrected,15,12,134,130,5,0.038461538461538464,1.62066863208854,1,"{""ATOMIC_REJECT_MISSING_LOCAL_CANDIDATES"": 123, ""NO_REPLAN_EVENT"": 258, ""OBSTACLE_OFF_ROUTE"": 3, ""REJECT_EVENT_COOLDOWN"": 4, ""REJECT_INSUFFICIENT_RELATIVE_GAIN"": 1, ""REJECT_NO_ASSIGNMENT_CHANGE"": 2}",391,9,327.4675730000017,0,unknown_validation_m20_0004,2732,OK,400,False,102,"{""PUBLIC_HANDOFF_TARGET"": 1, ""standby:y02"": 128}",85.31425220151345,0,7
10,0,392,392,3,"{""BELIEF_SHIFT"": 6, ""EXECUTOR_INVALID"": 1, ""EXECUTOR_TARGET_RECEIVED"": 1, ""OBSTACLE_DISCOVERED"": 8, ""PERIODIC_REFRESH"": 3, ""TARGET_FOUND"": 1}",103,1,False,102,400,15.748015748023622,30.0,10.006016747435856,Event-BSER-phase1b2_corrected,8,5,11,6,4,0.6666666666666666,1.767318953513628,1,"{""NO_REPLAN_EVENT"": 373, ""OBSTACLE_OFF_ROUTE"": 3, ""REJECT_EVENT_COOLDOWN"": 4, ""REJECT_NO_ASSIGNMENT_CHANGE"": 2}",382,10,300.2339425999671,0,unknown_validation_m20_0004,2732,OK,392,True,102,"{""PUBLIC_HANDOFF_TARGET"": 1, ""standby:y02"": 5}",100.06016747435856,0,10
7,263,,400,0,"{""BELIEF_SHIFT"": 234, ""EXECUTOR_INVALID"": 283, ""EXECUTOR_TARGET_RECEIVED"": 1, ""OBSTACLE_DISCOVERED"": 9, ""PERIODIC_REFRESH"": 4, ""TARGET_FOUND"": 1}",,283,False,1,400,20.223748416156685,12.0,8.80827220861573,Event-BSER-phase1b2_corrected,9,6,293,287,3,0.010452961672473868,1.1779050392571138,399,"{""ATOMIC_REJECT_MISSING_LOCAL_CANDIDATES"": 283, ""NO_REPLAN_EVENT"": 38, ""REJECT_EVENT_COOLDOWN"": 68, ""REJECT_INSUFFICIENT_RELATIVE_GAIN"": 3, ""REJECT_NO_ASSIGNMENT_CHANGE"": 1}",393,7,338.674205599993,0,unknown_validation_m20_0005,2733,OK,400,False,1,"{""PUBLIC_HANDOFF_TARGET"": 2, ""standby:y02"": 44, ""standby:y03"": 316}",79.27444987754157,0,9
7,263,,400,1,"{""BELIEF_SHIFT"": 234, ""EXECUTOR_INVALID"": 283, ""EXECUTOR_TARGET_RECEIVED"": 1, ""OBSTACLE_DISCOVERED"": 9, ""PERIODIC_REFRESH"": 4, ""TARGET_FOUND"": 1}",,283,False,1,400,20.223748416156685,12.0,8.80827220861573,Event-BSER-phase1b2_corrected,9,6,293,287,3,0.010452961672473868,1.1778664014785258,399,"{""ATOMIC_REJECT_MISSING_LOCAL_CANDIDATES"": 283, ""NO_REPLAN_EVENT"": 38, ""REJECT_EVENT_COOLDOWN"": 68, ""REJECT_INSUFFICIENT_RELATIVE_GAIN"": 3, ""REJECT_NO_ASSIGNMENT_CHANGE"": 1}",393,7,337.3213711999706,0,unknown_validation_m20_0005,2733,OK,400,False,1,"{""PUBLIC_HANDOFF_TARGET"": 2, ""standby:y02"": 44, ""standby:y03"": 316}",79.27444987754157,0,9
7,263,,400,2,"{""BELIEF_SHIFT"": 234, ""EXECUTOR_INVALID"": 283, ""EXECUTOR_TARGET_RECEIVED"": 1, ""OBSTACLE_DISCOVERED"": 9, ""PERIODIC_REFRESH"": 4, ""TARGET_FOUND"": 1}",,283,False,1,400,20.223748416156685,12.0,8.80827220861573,Event-BSER-phase1b2_corrected,9,6,293,287,3,0.010452961672473868,1.177805380686991,399,"{""ATOMIC_REJECT_MISSING_LOCAL_CANDIDATES"": 283, ""NO_REPLAN_EVENT"": 38, ""REJECT_EVENT_COOLDOWN"": 68, ""REJECT_INSUFFICIENT_RELATIVE_GAIN"": 3, ""REJECT_NO_ASSIGNMENT_CHANGE"": 1}",393,7,328.17376509995665,0,unknown_validation_m20_0005,2733,OK,400,False,1,"{""PUBLIC_HANDOFF_TARGET"": 2, ""standby:y02"": 44, ""standby:y03"": 316}",79.27444987754157,0,9
7,264,,400,3,"{""BELIEF_SHIFT"": 234, ""EXECUTOR_INVALID"": 283, ""EXECUTOR_TARGET_RECEIVED"": 1, ""OBSTACLE_DISCOVERED"": 9, ""PERIODIC_REFRESH"": 4, ""TARGET_FOUND"": 1}",,283,False,1,400,20.223748416156685,12.0,8.80827220861573,Event-BSER-phase1b2_corrected,9,6,293,287,3,0.010452961672473868,1.177727533078211,399,"{""ATOMIC_REJECT_MISSING_LOCAL_CANDIDATES"": 283, ""NO_REPLAN_EVENT"": 38, ""REJECT_EVENT_COOLDOWN"": 68, ""REJECT_INSUFFICIENT_RELATIVE_GAIN"": 3, ""REJECT_NO_ASSIGNMENT_CHANGE"": 1}",393,7,294.8990988000296,0,unknown_validation_m20_0005,2733,OK,400,False,1,"{""PUBLIC_HANDOFF_TARGET"": 2, ""standby:y02"": 44, ""standby:y03"": 316}",79.27444987754157,0,9
